,age,gender,angry,disgust,fear,happy,sad,surprise,neutral,danceability,energy,key,loudness,mode,speechiness,acousticness,instrumentalness,liveness,valence,tempo,type,id,uri,track_href,analysis_url,duration_ms,time_signature,music_name,artist_name,artist_genres
0,0,32,Man,92.75539517402648,0.001742502900015,1.5302582643926144,3.283614091742493e-05,5.704148858785629,3.522116642784568e-06,0.0084202772995922,0.286,0.703,4,-4.491,0,0.0348,0.00847,0,0.142,0.259,151.297,audio_features,7Hr1Ignop7cymbE3FbOtXa,spotify:track:7Hr1Ignop7cymbE3FbOtXa,https://api.spotify.com/v1/tracks/7Hr1Ignop7cymbE3FbOtXa,https://api.spotify.com/v1/audio-analysis/7Hr1Ignop7cymbE3FbOtXa,326813,4,So Far Away,Avenged Sevenfold,"['alternative metal', 'nu metal']"
1,1,27,Man,0.0251711099277725,0.0001466430804706,0.0105726051450676,96.78930025036932,1.2408545049044195,0.0001504075133717,1.9338096713310284,0.539,0.926,2,-6.495,1,0.0499,0.014,0,0.36,0.454,136.279,audio_features,1VuBmEauSZywQVtqbxNqka,spotify:track:1VuBmEauSZywQVtqbxNqka,https://api.spotify.com/v1/tracks/1VuBmEauSZywQVtqbxNqka,https://api.spotify.com/v1/audio-analysis/1VuBmEauSZywQVtqbxNqka,246400,4,Beautiful Day,U2,"['irish rock', 'permanent wave', 'rock']"
2,2,29,Man,45.82344864746622,0.0041124355170837,2.985844939103421,0.0005944214435257,46.02346396586084,0.0035017741806698,5.1590352600237885,0.508,0.471,0,-10.718,0,0.0385,0.783,0,0.25,0.117,81.995,audio_features,4NU4ZK3ncM05KPUc8JSuQ5,spotify:track:4NU4ZK3ncM05KPUc8JSuQ5,https://api.spotify.com/v1/tracks/4NU4ZK3ncM05KPUc8JSuQ5,https://api.spotify.com/v1/audio-analysis/4NU4ZK3ncM05KPUc8JSuQ5,131715,4,Circa 2015,Jaden,"['pop', 'rap']"
3,3,30,Man,66.15280508995056,0.0605071720201522,8.196913450956345,0.1078427187167108,16.896313428878784,2.6174308732151985,5.968189239501953,0.402,0.845,2,-6.459,1,0.0319,0.000676,0,0.158,0.686,174.727,audio_features,4yBiZFLXn0n9AUJ5sWO88k,spotify:track:4yBiZFLXn0n9AUJ5sWO88k,https://api.spotify.com/v1/tracks/4yBiZFLXn0n9AUJ5sWO88k,https://api.spotify.com/v1/audio-analysis/4yBiZFLXn0n9AUJ5sWO88k,258717,4,Wonderwall,Various Artists,[]
4,4,34,Man,1.9546867812053224,0.0011986794041938,1.221227314027868,0.0134786895008084,2.460684518130764e-05,96.809333943208,4.289525520801645e-05,0.286,0.703,4,-4.491,0,0.0348,0.00847,0,0.142,0.259,151.297,audio_features,7Hr1Ignop7cymbE3FbOtXa,spotify:track:7Hr1Ignop7cymbE3FbOtXa,https://api.spotify.com/v1/tracks/7Hr1Ignop7cymbE3FbOtXa,https://api.spotify.com/v1/audio-analysis/7Hr1Ignop7cymbE3FbOtXa,326813,4,So Far Away,Avenged Sevenfold,"['alternative metal', 'nu metal']"
5,5,30,Man,0.0028578373761934,1.8039370511854604e-05,6.370574966600541,89.5249200433588,0.0136763146723916,0.0066563850191726,4.081286375965312,0.68,0.578,10,-5.804,1,0.04,0.331,0,0.135,0.341,145.038,audio_features,7dt6x5M1jzdTEt8oCbisTK,spotify:track:7dt6x5M1jzdTEt8oCbisTK,https://api.spotify.com/v1/tracks/7dt6x5M1jzdTEt8oCbisTK,https://api.spotify.com/v1/audio-analysis/7dt6x5M1jzdTEt8oCbisTK,231267,4,Better Now,Post Malone,"['dfw rap', 'melodic rap', 'rap']"
6,6,31,Man,0.2288183197379112,5.11739870034944e-05,48.175498843193054,0.0291143951471894,14.3731489777565,0.0415088870795443,37.1518611907959,0.292,0.0322,5,-25.073,1,0.0442,0.993,0,0.117,0.132,168.631,audio_features,2SlARTbg8VmWVF4cG7imB8,spotify:track:2SlARTbg8VmWVF4cG7imB8,https://api.spotify.com/v1/tracks/2SlARTbg8VmWVF4cG7imB8,https://api.spotify.com/v1/audio-analysis/2SlARTbg8VmWVF4cG7imB8,128331,3,Amalfi,Gente di Toscana,['background piano']
7,7,31,Man,14.02161055932108,0.0484717893201806,58.82982366262815,0.0383839994497373,15.53822550405416,8.193494867890767,3.329988022445918,0.612,0.807,10,-2.81,1,0.0336,0.0495,0,0.101,0.398,124.053,audio_features,2QjOHCTQ1Jl3zawyYOpxh6,spotify:track:2QjOHCTQ1Jl3zawyYOpxh6,https://api.spotify.com/v1/tracks/2QjOHCTQ1Jl3zawyYOpxh6,https://api.spotify.com/v1/audio-analysis/2QjOHCTQ1Jl3zawyYOpxh6,240400,4,Sweater Weather,The Neighbourhood,"['modern alternative rock', 'modern rock', 'pop', 'shimmer pop']"
8,8,25,Man,20.41068971157074,0.0020221097656758,12.16246634721756,0.0083495877333916,61.418163776397705,0.0077437354775611,5.990566685795784,0.433,0.959,9,-4.04,1,0.0431,0.000917,0,0.028,0.365,172.984,audio_features,7x8dCjCr0x6x2lXKujYD34,spotify:track:7x8dCjCr0x6x2lXKujYD34,https://api.spotify.com/v1/tracks/7x8dCjCr0x6x2lXKujYD34,https://api.spotify.com/v1/audio-analysis/7x8dCjCr0x6x2lXKujYD34,269373,4,The Pretender,Foo Fighters,"['alternative metal', 'alternative rock', 'modern rock', 'permanent wave', 'post-grunge', 'rock']"
9,9,35,Man,0.0003290827345458,1.608494952743767e-09,4.68245984960902e-05,88.74536022488597,0.0046986440937513,0.1765220869284375,11.073045262461337,0.588,0.856,9,-5.242,0,0.0316,0.000818,0,0.238,0.635,96.966,audio_features,7v4ziK63yNqkfHh8S3ZSR3,spotify:track:7v4ziK63yNqkfHh8S3ZSR3,https://api.spotify.com/v1/tracks/7v4ziK63yNqkfHh8S3ZSR3,https://api.spotify.com/v1/audio-analysis/7v4ziK63yNqkfHh8S3ZSR3,175044,4,Shy Away,Twenty One Pilots,"['modern rock', 'rock']"
10,10,33,Man,1.0100377450838394,2.1862908181056302e-10,0.0923154067095629,3.73294310926729e-06,2.870681725957188,4.242891043418954e-06,96.0269515482245,0.784,0.0752,6,-13.934,0,0.142,0.928,0,0.105,0.476,81.97,audio_features,2qOe8xGW1mKROLBK0o4kuR,spotify:track:2qOe8xGW1mKROLBK0o4kuR,https://api.spotify.com/v1/tracks/2qOe8xGW1mKROLBK0o4kuR,https://api.spotify.com/v1/audio-analysis/2qOe8xGW1mKROLBK0o4kuR,110709,4,manuela,Nazaha,['chill beats']
11,11,31,Man,0.3613921348005533,7.116751703506452e-05,6.393986940383911,0.0179967217263765,89.90697860717773,0.0001245873818334,3.319445252418518,0.645,0.792,4,-7.34,0,0.036,0.0562,0,0.119,0.666,90.565,audio_features,7nnWIPM5hwE3DaUBkvOIpy,spotify:track:7nnWIPM5hwE3DaUBkvOIpy,https://api.spotify.com/v1/tracks/7nnWIPM5hwE3DaUBkvOIpy,https://api.spotify.com/v1/audio-analysis/7nnWIPM5hwE3DaUBkvOIpy,232453,4,Drive,Incubus,"['alternative metal', 'alternative rock', 'funk metal', 'funk rock', 'nu metal', 'pop rock', 'post-grunge', 'rock']"
12,12,30,Man,83.65505738914698,3.6977977091989854e-06,4.924338525454822,1.475589959598917e-05,11.291778688642822,0.0001501800917907,0.1286594350528043,0.223,0.805,8,-8.969,1,0.037,0.000179,0,0.0849,0.25,168.165,audio_features,06WUUNf7q18NZfjIsQFsfa,spotify:track:06WUUNf7q18NZfjIsQFsfa,https://api.spotify.com/v1/tracks/06WUUNf7q18NZfjIsQFsfa,https://api.spotify.com/v1/audio-analysis/06WUUNf7q18NZfjIsQFsfa,115413,4,Delusions of Saviour,Slayer,"['alternative metal', 'death metal', 'hard rock', 'metal', 'nu metal', 'old school thrash', 'rock', 'speed metal', 'thrash metal']"
13,13,32,Man,1.3889135295947431e-06,1.8845080578558583e-14,1.274126763197359e-08,99.83842374820426,1.065384808823985e-05,4.220052639420156e-05,0.1615177414619635,0.63,0.804,6,-4.183,1,0.0363,0.215,0,0.253,0.492,123.146,audio_features,3a1lNhkSLSkpJE4MSHpDu9,spotify:track:3a1lNhkSLSkpJE4MSHpDu9,https://api.spotify.com/v1/tracks/3a1lNhkSLSkpJE4MSHpDu9,https://api.spotify.com/v1/audio-analysis/3a1lNhkSLSkpJE4MSHpDu9,220293,4,Congratulations,Post Malone,"['dfw rap', 'melodic rap', 'rap']"
14,14,28,Man,11.241203546524048,3.440957243583398e-05,0.5959738977253437,0.0011113994332845,13.43713104724884,0.0008583660928707,74.72369074821472,0.756,0.631,8,-9.512,0,0.0505,0.117,0,0.0809,0.938,154.003,audio_features,2LzPtYMEj4S44yoBVU7ccu,spotify:track:2LzPtYMEj4S44yoBVU7ccu,https://api.spotify.com/v1/tracks/2LzPtYMEj4S44yoBVU7ccu,https://api.spotify.com/v1/audio-analysis/2LzPtYMEj4S44yoBVU7ccu,108117,4,Supercolor,Gold School,[]
15,15,30,Man,19.278019666671756,0.000930785699893,4.877295717597008,0.0001213343239214,45.13100981712341,0.0021974212359054,30.710425972938538,0.566,0.815,9,-4.481,0,0.14,0.0737,0,0.12,0.672,169.961,audio_features,5cY8y2XgOfkAh4kSWLFKkz,spotify:track:5cY8y2XgOfkAh4kSWLFKkz,https://api.spotify.com/v1/tracks/5cY8y2XgOfkAh4kSWLFKkz,https://api.spotify.com/v1/audio-analysis/5cY8y2XgOfkAh4kSWLFKkz,185587,4,I Write Sins Not Tragedies,Panic! At The Disco,['modern rock']
16,16,27,Man,17.607411742210388,8.524388074874878,27.05378532409668,5.505624786019325,8.901406824588776,0.0578674662392586,32.349517941474915,0.58,0.916,3,-4.358,0,0.0387,0.000297,0,0.126,0.683,118.004,audio_features,5anCkDvJ17aznvK5TED5uo,spotify:track:5anCkDvJ17aznvK5TED5uo,https://api.spotify.com/v1/tracks/5anCkDvJ17aznvK5TED5uo,https://api.spotify.com/v1/audio-analysis/5anCkDvJ17aznvK5TED5uo,305907,4,Hail to the King,Avenged Sevenfold,"['alternative metal', 'nu metal']"
17,17,23,Man,5.290042709438225e-09,8.762814559469359e-19,2.884055407686992e-10,99.99994039535522,2.300317054892975e-10,3.364201575095649e-05,2.9258336553539262e-05,0.68,0.578,10,-5.804,1,0.04,0.331,0,0.135,0.341,145.038,audio_features,7dt6x5M1jzdTEt8oCbisTK,spotify:track:7dt6x5M1jzdTEt8oCbisTK,https://api.spotify.com/v1/tracks/7dt6x5M1jzdTEt8oCbisTK,https://api.spotify.com/v1/audio-analysis/7dt6x5M1jzdTEt8oCbisTK,231267,4,Better Now,Post Malone,"['dfw rap', 'melodic rap', 'rap']"
18,18,28,Man,2.1739766001701355,0.7204764056950808,1.0426233522593975,0.627007195726037,5.928870290517807,0.0013427652447717,89.50570225715637,0.793,0.575,8,-11.019,1,0.135,0.298,0,0.11,0.746,135.435,audio_features,6pan2rDVvM8Z0c70szJryt,spotify:track:6pan2rDVvM8Z0c70szJryt,https://api.spotify.com/v1/tracks/6pan2rDVvM8Z0c70szJryt,https://api.spotify.com/v1/audio-analysis/6pan2rDVvM8Z0c70szJryt,153623,4,When It Rains,Saib,"['chillhop', 'japanese chillhop']"
19,19,34,Man,98.42982292175292,0.2786462660878896,0.4782099742442369,2.79780554279796e-07,0.7774575147777796,0.0330018025124445,0.0028665886929957,0.776,0.78,10,-4.374,0,0.128,0.0622,0,0.081,0.666,124.949,audio_features,0pqnGHJpmpxLKifKRmU6WP,spotify:track:0pqnGHJpmpxLKifKRmU6WP,https://api.spotify.com/v1/tracks/0pqnGHJpmpxLKifKRmU6WP,https://api.spotify.com/v1/audio-analysis/0pqnGHJpmpxLKifKRmU6WP,204347,4,Believer,Imagine Dragons,"['modern rock', 'rock']"
20,20,33,Man,1.0331499111088104e-10,7.100421518657803e-21,3.313512929748602e-12,99.9998927116394,6.053209489209621e-07,9.627692421781704e-13,0.000106295419755,0.825,0.483,8,-5.746,0,0.08,0.538,0,0.204,0.892,139.98,audio_features,2ZlCGeK30BLRNSPC832pNZ,spotify:track:2ZlCGeK30BLRNSPC832pNZ,https://api.spotify.com/v1/tracks/2ZlCGeK30BLRNSPC832pNZ,https://api.spotify.com/v1/audio-analysis/2ZlCGeK30BLRNSPC832pNZ,219933,4,Forever (feat. Post Malone & Clever),Justin Bieber,"['canadian pop', 'pop']"
21,21,30,Man,42.4815833568573,0.0088988883362617,16.77604466676712,0.1287022954784333,23.47461581230164,0.4609726835042238,16.669180989265442,0.675,0.175,6,-13.281,1,0.0596,0.891,0,0.11,0.387,69.027,audio_features,0X8GS74ebF546MbFebv6tx,spotify:track:0X8GS74ebF546MbFebv6tx,https://api.spotify.com/v1/tracks/0X8GS74ebF546MbFebv6tx,https://api.spotify.com/v1/audio-analysis/0X8GS74ebF546MbFebv6tx,125652,4,Ipanema,Linearwave,"['focus beats', 'lo-fi brasileiro']"
22,22,26,Man,4.0189046412706375,0.0005397716449806,59.65393781661987,0.1213978044688701,32.29360282421112,1.0901561938226223,2.8214603662490845,0.758,0.732,5,-5.511,0,0.051,0.489,0,0.13,0.924,90.038,audio_features,3oqC4Ta40ft6NnTJwcUTdi,spotify:track:3oqC4Ta40ft6NnTJwcUTdi,https://api.spotify.com/v1/tracks/3oqC4Ta40ft6NnTJwcUTdi,https://api.spotify.com/v1/audio-analysis/3oqC4Ta40ft6NnTJwcUTdi,185333,4,Pipa Voada (feat. Emicida),Rashid,"['brazilian hip hop', 'pop rap brasileiro', 'r&b brasileiro']"
23,23,22,Man,76.9879162311554,9.39361868290689e-06,0.0178362199221737,0.3310221945866942,2.7186578139662743,0.004796334542334,19.93976235389709,0.808,0.745,10,-5.26,0,0.342,0.145,0,0.292,0.829,165.995,audio_features,7FIWs0pqAYbP91WWM0vlTQ,spotify:track:7FIWs0pqAYbP91WWM0vlTQ,https://api.spotify.com/v1/tracks/7FIWs0pqAYbP91WWM0vlTQ,https://api.spotify.com/v1/audio-analysis/7FIWs0pqAYbP91WWM0vlTQ,210800,4,Godzilla (feat. Juice WRLD),Eminem,"['detroit hip hop', 'hip hop', 'rap']"
24,24,23,Man,2.3104001350970904e-10,1.7764694009489346e-18,3.23176468225439e-10,99.68309998512268,1.0793214239024353e-08,0.000929071848077,0.3159692510962486,0.76,0.479,2,-5.574,1,0.0466,0.556,0,0.0703,0.913,89.911,audio_features,3KkXRkHbMCARz0aVfEt68P,spotify:track:3KkXRkHbMCARz0aVfEt68P,https://api.spotify.com/v1/tracks/3KkXRkHbMCARz0aVfEt68P,https://api.spotify.com/v1/audio-analysis/3KkXRkHbMCARz0aVfEt68P,158040,4,Sunflower - Spider-Man: Into the Spider-Verse,Various Artists,[]
25,25,26,Man,19.122985005378723,3.0024953190377346e-06,0.5600009113550186,0.000194801964426,16.34008437395096,0.0003797121053139,63.97635340690613,0.551,0.44,10,-8.559,1,0.0985,0.606,0,0.11,0.341,167.923,audio_features,5kfNriitmkNE8mUbZ7gbq8,spotify:track:5kfNriitmkNE8mUbZ7gbq8,https://api.spotify.com/v1/tracks/5kfNriitmkNE8mUbZ7gbq8,https://api.spotify.com/v1/audio-analysis/5kfNriitmkNE8mUbZ7gbq8,210667,4,Saturday Nights,Khalid,"['pop', 'pop r&b']"
26,26,28,Man,28.832080503454147,0.0151378652079526,1.0882032669242303,0.0023152871076769,45.157626848503725,0.0032161689691295,24.901419889757648,0.726,0.431,8,-8.765,0,0.135,0.731,0,0.696,0.348,144.026,audio_features,7eJMfftS33KTjuF7lTsMCx,spotify:track:7eJMfftS33KTjuF7lTsMCx,https://api.spotify.com/v1/tracks/7eJMfftS33KTjuF7lTsMCx,https://api.spotify.com/v1/audio-analysis/7eJMfftS33KTjuF7lTsMCx,173333,4,death bed (coffee for your head),Powfu,['sad rap']
27,27,27,Man,79.8097872960821,9.40157510023414,2.9918875703945678,0.0130086306807541,7.098248499840677,0.020633082472687,0.6648548086160649,0.394,0.944,10,-6.506,0,0.0761,0.00178,0,0.298,0.265,105.338,audio_features,6QewNVIDKdSl8Y3ycuHIei,spotify:track:6QewNVIDKdSl8Y3ycuHIei,https://api.spotify.com/v1/tracks/6QewNVIDKdSl8Y3ycuHIei,https://api.spotify.com/v1/audio-analysis/6QewNVIDKdSl8Y3ycuHIei,292581,4,Even Flow,Pearl Jam,"['alternative rock', 'grunge', 'permanent wave', 'rock']"
28,28,31,Woman,0.000602380168857,0.0002932422830781,0.0013563317224907,98.1045126914978,1.6483966261148453,0.000154494216531,0.2446871250867843,0.782,0.685,4,-6.237,1,0.0309,0.166,0,0.16,0.603,118.016,audio_features,7vFoFDWqTX0mHzLfrF1Cfy,spotify:track:7vFoFDWqTX0mHzLfrF1Cfy,https://api.spotify.com/v1/tracks/7vFoFDWqTX0mHzLfrF1Cfy,https://api.spotify.com/v1/audio-analysis/7vFoFDWqTX0mHzLfrF1Cfy,180566,4,Cheerleader - Felix Jaehn Remix Radio Edit,OMI,['dance pop']
29,29,25,Woman,9.884153895625705,0.0010723484322419,30.705060404840733,0.0137795455003072,14.14667899290794,0.2936188539411934,44.9556377503656,0.766,0.622,5,-5.292,0,0.101,0.0639,0,0.207,0.679,140.076,audio_features,2ZIZXWnU52s0C75sPYiwvh,spotify:track:2ZIZXWnU52s0C75sPYiwvh,https://api.spotify.com/v1/tracks/2ZIZXWnU52s0C75sPYiwvh,https://api.spotify.com/v1/audio-analysis/2ZIZXWnU52s0C75sPYiwvh,191493,4,Supernova,Ansel Elgort,[]
30,30,32,Woman,0.3458934809427548,4.799573789155027e-05,12.520194799911666,0.0069512327677839,6.688458126095422,0.0019630764005816,80.43649080017154,0.775,0.327,11,-7.241,1,0.0557,0.841,0,0.0821,0.595,91.05,audio_features,4cktbXiXOapiLBMprHFErI,spotify:track:4cktbXiXOapiLBMprHFErI,https://api.spotify.com/v1/tracks/4cktbXiXOapiLBMprHFErI,https://api.spotify.com/v1/audio-analysis/4cktbXiXOapiLBMprHFErI,189486,4,Memories,Maroon 5,['pop']
31,31,31,Man,88.15453052520752,11.132697761058807,0.0485323165776208,5.052010578765476e-05,0.6048134993761778,0.0003394977966308,0.0590388139244169,0.331,0.943,4,-3.188,0,0.0698,0.00721,0,0.242,0.296,94.612,audio_features,0COqiPhxzoWICwFCS4eZcp,spotify:track:0COqiPhxzoWICwFCS4eZcp,https://api.spotify.com/v1/tracks/0COqiPhxzoWICwFCS4eZcp,https://api.spotify.com/v1/audio-analysis/0COqiPhxzoWICwFCS4eZcp,235893,4,Bring Me To Life,Evanescence,['alternative metal']
32,32,30,Woman,1.0698190194119122e-08,2.2102354635092582e-14,1.0062418078878818e-10,99.99858736983462,1.831615302021581e-07,1.7485939073102147e-06,0.0014128247972538,0.611,0.462,0,-7.054,1,0.0646,0.558,0,0.131,0.377,59.635,audio_features,7npLlaPu9Mfno8hjk5OagD,spotify:track:7npLlaPu9Mfno8hjk5OagD,https://api.spotify.com/v1/tracks/7npLlaPu9Mfno8hjk5OagD,https://api.spotify.com/v1/audio-analysis/7npLlaPu9Mfno8hjk5OagD,215230,4,Girls Like You,Maroon 5,['pop']
33,33,35,Woman,45.893558859825134,6.918196380138397,9.153008460998535,0.0089692803157959,37.32644319534302,0.1203168765641748,0.5795088596642017,0.439,0.303,3,-10.839,1,0.0422,0.839,0,0.071,0.268,139.475,audio_features,02JIdsrod3BYucThfUFDUX,spotify:track:02JIdsrod3BYucThfUFDUX,https://api.spotify.com/v1/tracks/02JIdsrod3BYucThfUFDUX,https://api.spotify.com/v1/audio-analysis/02JIdsrod3BYucThfUFDUX,170787,3,Le Festin,Michael Giacchino,"['orchestral soundtrack', 'soundtrack']"
34,34,33,Woman,1.1424613185226915,58.9731514453888,13.461382687091827,0.0010169002052862,26.0494202375412,0.1893196487799286,0.1832473557442426,0.764,0.705,3,-5.279,0,0.0278,0.0371,0,0.0943,0.672,101.003,audio_features,0y60itmpH0aPKsFiGxmtnh,spotify:track:0y60itmpH0aPKsFiGxmtnh,https://api.spotify.com/v1/tracks/0y60itmpH0aPKsFiGxmtnh,https://api.spotify.com/v1/audio-analysis/0y60itmpH0aPKsFiGxmtnh,196520,4,Wait a Minute!,WILLOW,"['afrofuturism', 'pop', 'post-teen pop']"
35,35,32,Man,53.74921008935095,0.0008681343513563,3.3701580310056247,0.1360325770565959,24.556593544077103,0.1046322410860349,18.082509110273016,0.496,0.863,9,-4.153,1,0.0381,0.0046,0,0.639,0.243,110.018,audio_features,2nLtzopw4rPReszdYBJU6h,spotify:track:2nLtzopw4rPReszdYBJU6h,https://api.spotify.com/v1/tracks/2nLtzopw4rPReszdYBJU6h,https://api.spotify.com/v1/audio-analysis/2nLtzopw4rPReszdYBJU6h,185587,4,Numb,Linkin Park,"['alternative metal', 'nu metal', 'post-grunge', 'rap metal']"
36,36,31,Woman,3.482500317086163e-07,7.108931871299201e-12,1.6241384965914394e-06,99.46111447082583,3.995024279210318e-06,2.141524391214366e-05,0.5388523275283185,0.825,0.652,1,-3.183,0,0.0802,0.581,0,0.0931,0.931,95.977,audio_features,7qiZfU4dY1lWllzX7mPBI3,spotify:track:7qiZfU4dY1lWllzX7mPBI3,https://api.spotify.com/v1/tracks/7qiZfU4dY1lWllzX7mPBI3,https://api.spotify.com/v1/audio-analysis/7qiZfU4dY1lWllzX7mPBI3,233713,4,Shape of You,Ed Sheeran,"['pop', 'uk pop']"
37,37,31,Woman,51.0827512194366,0.0047071388585091,10.981042592587626,0.0016036478928951,28.18665374437891,0.0592073111694938,9.684039484503238,0.766,0.622,5,-5.292,0,0.101,0.0639,0,0.207,0.679,140.076,audio_features,2ZIZXWnU52s0C75sPYiwvh,spotify:track:2ZIZXWnU52s0C75sPYiwvh,https://api.spotify.com/v1/tracks/2ZIZXWnU52s0C75sPYiwvh,https://api.spotify.com/v1/audio-analysis/2ZIZXWnU52s0C75sPYiwvh,191493,4,Supernova,Ansel Elgort,[]
38,38,33,Man,31.79969787597656,0.0001455141841688,6.382672488689423,0.0027283454983262,48.17895293235779,0.0347769004292786,13.60102891921997,0.579,0.508,2,-9.484,1,0.027,0.00574,0,0.0575,0.609,147.125,audio_features,40riOy7x9W7GXjyGp4pjAv,spotify:track:40riOy7x9W7GXjyGp4pjAv,https://api.spotify.com/v1/tracks/40riOy7x9W7GXjyGp4pjAv,https://api.spotify.com/v1/audio-analysis/40riOy7x9W7GXjyGp4pjAv,391376,4,Hotel California - 2013 Remaster,Eagles,"['album rock', 'classic rock', 'country rock', 'folk rock', 'heartland rock', 'mellow gold', 'rock', 'singer-songwriter', 'soft rock', 'yacht rock']"
39,39,29,Woman,20.41500210762024,1.8748653474176532e-05,0.4834288265556097,0.8788756094872952,2.371826209127903,0.0011538401849975,75.84969997406006,0.466,0.833,7,-4.215,1,0.304,0.0266,0,0.0327,0.661,88.785,audio_features,59WN2psjkt1tyaxjspN8fp,spotify:track:59WN2psjkt1tyaxjspN8fp,https://api.spotify.com/v1/tracks/59WN2psjkt1tyaxjspN8fp,https://api.spotify.com/v1/audio-analysis/59WN2psjkt1tyaxjspN8fp,313573,4,Killing In The Name,Rage Against The Machine,"['alternative metal', 'alternative rock', 'conscious hip hop', 'funk metal', 'nu metal', 'political hip hop', 'rap metal', 'rap rock', 'rock']"
40,40,33,Woman,1.2931117114589608e-09,1.0586830814879821e-13,2.9490312969393532e-08,99.99121427536012,5.6836907402768595e-08,1.41126661138552e-10,0.0087907035776879,0.779,0.516,10,-6.467,0,0.0521,0.148,0,0.0492,0.715,120.026,audio_features,48XkVAagIoQHCsOlJtXUd5,spotify:track:48XkVAagIoQHCsOlJtXUd5,https://api.spotify.com/v1/tracks/48XkVAagIoQHCsOlJtXUd5,https://api.spotify.com/v1/audio-analysis/48XkVAagIoQHCsOlJtXUd5,247787,4,still feel.,half•alive,"['alt z', 'indie pop', 'modern alternative rock', 'modern rock']"
41,41,31,Woman,2.377735167415718,5.889637852535213e-07,0.5317837297280157,0.0061593636862015,3.992062703721201,0.0005093449392362,93.0917450080222,0.484,0.039,0,-28.557,1,0.048,0.991,0,0.133,0.118,112.814,audio_features,4cmE5SPvjKEzIHzhrLq9jO,spotify:track:4cmE5SPvjKEzIHzhrLq9jO,https://api.spotify.com/v1/tracks/4cmE5SPvjKEzIHzhrLq9jO,https://api.spotify.com/v1/audio-analysis/4cmE5SPvjKEzIHzhrLq9jO,197500,4,Always,Olivier DeGrasse,[]
42,42,30,Woman,5.236238241195679,5.622816274808429e-05,21.764911711215973,0.0010040808774647,50.691115856170654,4.2993686832915046e-06,22.306670248508453,0.402,0.0982,5,-19.814,0,0.0401,0.356,0,0.358,0.191,141.54,audio_features,56UsciEGCYrmCTSI3veuvC,spotify:track:56UsciEGCYrmCTSI3veuvC,https://api.spotify.com/v1/tracks/56UsciEGCYrmCTSI3veuvC,https://api.spotify.com/v1/audio-analysis/56UsciEGCYrmCTSI3veuvC,464040,3,As The Years Go Passing By,Gary Moore,"['album rock', 'blues rock', 'british blues', 'electric blues', 'hard rock', 'rock']"
43,43,27,Man,76.58898830413818,0.0017122019926318,0.3543409751728177,21.67901545763016,0.9674527682363988,0.2228555036708712,0.1856375019997358,0.541,0.96,0,-2.947,0,0.0505,0.0663,0,0.344,0.812,122.803,audio_features,0rmGAIH9LNJewFw7nKzZnc,spotify:track:0rmGAIH9LNJewFw7nKzZnc,https://api.spotify.com/v1/tracks/0rmGAIH9LNJewFw7nKzZnc,https://api.spotify.com/v1/audio-analysis/0rmGAIH9LNJewFw7nKzZnc,222707,4,You Give Love A Bad Name,Bon Jovi,"['glam metal', 'rock']"
44,44,22,Woman,2.6432686841339883e-05,3.079082843566724e-07,1.587294373234865e-06,98.5784234311076,0.0043579099190538,0.001133630531888,1.4160529884930864,0.775,0.327,11,-7.241,1,0.0557,0.841,0,0.0821,0.595,91.05,audio_features,4cktbXiXOapiLBMprHFErI,spotify:track:4cktbXiXOapiLBMprHFErI,https://api.spotify.com/v1/tracks/4cktbXiXOapiLBMprHFErI,https://api.spotify.com/v1/audio-analysis/4cktbXiXOapiLBMprHFErI,189486,4,Memories,Maroon 5,['pop']
45,45,25,Man,0.4569171383181645,6.324338342943815e-06,0.1820286984558465,0.0779137213500623,2.6760995923161994,0.0078387614599322,96.59919183263877,0.479,0.0235,5,-26.168,1,0.0381,0.924,0,0.124,0.245,121.199,audio_features,5ErJuPKvaeopdg17OqmN8k,spotify:track:5ErJuPKvaeopdg17OqmN8k,https://api.spotify.com/v1/tracks/5ErJuPKvaeopdg17OqmN8k,https://api.spotify.com/v1/audio-analysis/5ErJuPKvaeopdg17OqmN8k,82307,4,The Laverie,Various Artists,[]
46,46,24,Woman,0.1088263117708265,5.944230565546604e-05,0.3868977539241314,0.0001919260284921,93.19599866867064,2.4848529278642676e-05,6.308004260063171,0.601,0.741,2,-5.569,1,0.0478,0.185,0,0.415,0.441,153.96,audio_features,6I3mqTwhRpn34SLVafSH7G,spotify:track:6I3mqTwhRpn34SLVafSH7G,https://api.spotify.com/v1/tracks/6I3mqTwhRpn34SLVafSH7G,https://api.spotify.com/v1/audio-analysis/6I3mqTwhRpn34SLVafSH7G,153190,4,Ghost,Justin Bieber,"['canadian pop', 'pop']"
47,47,26,Woman,31.462113944418068,0.0675380968697724,19.02177596222019,0.0001406177118183,32.37552835795452,0.0956523230967565,16.977244137361296,0.728,0.783,11,-4.424,0,0.266,0.237,0,0.434,0.555,77.011,audio_features,1r9xUipOqoNwggBpENDsvJ,spotify:track:1r9xUipOqoNwggBpENDsvJ,https://api.spotify.com/v1/tracks/1r9xUipOqoNwggBpENDsvJ,https://api.spotify.com/v1/audio-analysis/1r9xUipOqoNwggBpENDsvJ,173381,4,Enemy (with JID) - from the series Arcane League of Legends,Imagine Dragons,"['modern rock', 'rock']"
48,48,35,Woman,0.680682075091353,0.0073344721737667,3.939429200955725,0.6425696590459753,94.45478386225892,0.1387473379637494,0.136450557070159,0.782,0.828,10,-4.22,1,0.0428,0.0361,0,0.142,0.839,141.872,audio_features,4qwhCmldDsp1cKbDX44SHz,spotify:track:4qwhCmldDsp1cKbDX44SHz,https://api.spotify.com/v1/tracks/4qwhCmldDsp1cKbDX44SHz,https://api.spotify.com/v1/audio-analysis/4qwhCmldDsp1cKbDX44SHz,146625,4,Boring,Confetti,"['la pop', 'social media pop']"
49,49,31,Woman,4.174134507775307,0.0002288785935888,0.1298139453865587,0.0214865402085706,70.99849581718445,6.50188553663611e-05,24.675777554512024,0.419,0.0842,6,-17.542,1,0.0341,0.957,0,0.285,0.246,88.278,audio_features,2BAsBkA10fTRZhF5iMs0Dh,spotify:track:2BAsBkA10fTRZhF5iMs0Dh,https://api.spotify.com/v1/tracks/2BAsBkA10fTRZhF5iMs0Dh,https://api.spotify.com/v1/audio-analysis/2BAsBkA10fTRZhF5iMs0Dh,157683,4,La Vie En Rose,Emily Watts,[]
50,50,31,Woman,6.6718630492687225,0.0021358167941798,0.24395736400038,0.000661898184262,87.47750520706177,2.8723809464281654e-05,5.603846907615662,0.639,0.526,0,-6.697,1,0.0256,0.245,0,0.25,0.488,130.033,audio_features,2IVsRhKrx8hlQBOWy4qebo,spotify:track:2IVsRhKrx8hlQBOWy4qebo,https://api.spotify.com/v1/tracks/2IVsRhKrx8hlQBOWy4qebo,https://api.spotify.com/v1/audio-analysis/2IVsRhKrx8hlQBOWy4qebo,216880,3,Mr Loverman,Ricky Montgomery,"['indie pop', 'la indie', 'pop']"
51,51,37,Man,88.1562888622284,0.0003479098722891,0.422929460182786,0.0006731139819748,5.064427480101585,0.0146581936860457,6.340674310922623,0.542,0.732,9,-5.956,1,0.0521,0.00209,0,0.496,0.489,124.912,audio_features,7FdUvDkaE24o3FPIWTvzv2,spotify:track:7FdUvDkaE24o3FPIWTvzv2,https://api.spotify.com/v1/tracks/7FdUvDkaE24o3FPIWTvzv2,https://api.spotify.com/v1/audio-analysis/7FdUvDkaE24o3FPIWTvzv2,175644,4,Follow You,Imagine Dragons,"['modern rock', 'rock']"
52,52,32,Woman,2.2487236525397324e-05,5.690306638240784e-10,0.0001934586295451,99.88988041221384,0.0001256830803292,0.0064592601332279,0.1033196287345664,0.747,0.716,11,-2.457,0,0.075,0.135,0,0.251,0.751,125.008,audio_features,2EBCVPNAG46nbgs6jXPGvv,spotify:track:2EBCVPNAG46nbgs6jXPGvv,https://api.spotify.com/v1/tracks/2EBCVPNAG46nbgs6jXPGvv,https://api.spotify.com/v1/audio-analysis/2EBCVPNAG46nbgs6jXPGvv,210627,4,Starships,Nicki Minaj,"['dance pop', 'hip pop', 'pop', 'queens hip hop', 'rap']"
53,53,33,Man,0.1946546952240169,7.609745011905034e-05,29.177218675613403,0.427446560934186,0.0864875444676727,45.0021892786026,25.111928582191467,0.397,0.159,2,-18.029,0,0.0964,0.983,0,0.1,0.188,183.022,audio_features,1GenCekPteCHDwhCY1zuhZ,spotify:track:1GenCekPteCHDwhCY1zuhZ,https://api.spotify.com/v1/tracks/1GenCekPteCHDwhCY1zuhZ,https://api.spotify.com/v1/audio-analysis/1GenCekPteCHDwhCY1zuhZ,124761,3,Diving into Love,rdz011,[]
54,54,35,Woman,0.296796200792265,7.196828593488462e-05,6.11781253622845,0.0220191256112642,77.15028388203882,0.0032482950817941,16.409769142256327,0.687,0.792,5,-2.749,1,0.0452,0.191,0,0.167,0.671,100.015,audio_features,2dpaYNEQHiRxtZbfNsse99,spotify:track:2dpaYNEQHiRxtZbfNsse99,https://api.spotify.com/v1/tracks/2dpaYNEQHiRxtZbfNsse99,https://api.spotify.com/v1/audio-analysis/2dpaYNEQHiRxtZbfNsse99,214290,4,Happier,Marshmello,"['brostep', 'dance pop', 'edm', 'pop', 'pop dance', 'progressive electro house']"
55,55,31,Man,66.12242460250854,0.0836027902550995,0.6826761178672314,0.0234049031860195,23.131732642650604,0.0205732489121146,9.93557944893837,0.42,0.929,7,-3.899,0,0.121,0.000353,0,0.122,0.3,127.204,audio_features,5V3mdRI2yQxbSsJGDPc5lD,spotify:track:5V3mdRI2yQxbSsJGDPc5lD,https://api.spotify.com/v1/tracks/5V3mdRI2yQxbSsJGDPc5lD,https://api.spotify.com/v1/audio-analysis/5V3mdRI2yQxbSsJGDPc5lD,210240,4,Chop Suey!,System Of A Down,"['alternative metal', 'nu metal', 'rap metal']"
56,56,37,Woman,1.1876711170089038e-05,2.8215830279870732e-11,3.3783767450223934e-08,99.99550580978394,0.0001054857307281,5.055970220269046e-06,0.0043727184674935,0.543,0.87,9,-6.514,1,0.0428,0.358,0,0.792,0.754,100.804,audio_features,0GjEhVFGZW8afUYGChu3Rr,spotify:track:0GjEhVFGZW8afUYGChu3Rr,https://api.spotify.com/v1/tracks/0GjEhVFGZW8afUYGChu3Rr,https://api.spotify.com/v1/audio-analysis/0GjEhVFGZW8afUYGChu3Rr,230400,4,Dancing Queen,ABBA,"['europop', 'swedish pop']"
57,57,31,Woman,2.3513948544859886,0.0003699499302456,3.896928206086159,0.0002114136123054,16.25438630580902,6.807837280575768e-05,77.49664187431335,0.471,0.0778,6,-25.724,1,0.0352,0.984,0,0.0976,0.447,71.409,audio_features,7rIN1EjL0P78qaM46slfD7,spotify:track:7rIN1EjL0P78qaM46slfD7,https://api.spotify.com/v1/tracks/7rIN1EjL0P78qaM46slfD7,https://api.spotify.com/v1/audio-analysis/7rIN1EjL0P78qaM46slfD7,115405,3,World For A Dance,Pierre Koenigs,[]
58,58,29,Man,18.91423387357785,0.0287794735666619,1.4349321986815693,0.0002948490976937,75.86244632453366,0.0015930303481566,3.7577166399101447,0.449,0.585,5,-6.761,1,0.0268,0.0509,0,0.0833,0.212,139.631,audio_features,6nek1Nin9q48AVZcWs9e9D,spotify:track:6nek1Nin9q48AVZcWs9e9D,https://api.spotify.com/v1/tracks/6nek1Nin9q48AVZcWs9e9D,https://api.spotify.com/v1/audio-analysis/6nek1Nin9q48AVZcWs9e9D,278719,4,Paradise,Coldplay,"['permanent wave', 'pop']"
59,59,25,Woman,98.76526594161987,0.0001267698053197,0.0975353759713471,0.0144998004543595,0.9477151557803154,0.0032980213291011,0.1715600490570068,0.736,0.704,3,-7.409,0,0.0615,0.0203,0,0.0501,0.894,149.995,audio_features,27NovPIUIRrOZoCHxABJwK,spotify:track:27NovPIUIRrOZoCHxABJwK,https://api.spotify.com/v1/tracks/27NovPIUIRrOZoCHxABJwK,https://api.spotify.com/v1/audio-analysis/27NovPIUIRrOZoCHxABJwK,212000,4,INDUSTRY BABY (feat. Jack Harlow),Lil Nas X,"['lgbtq+ hip hop', 'pop']"
60,60,30,Woman,5.848333708358217e-06,3.3307262908299984e-08,1.925127735073501e-07,99.99827742545796,1.3391662619797447e-06,4.4442693922782536e-05,0.0016771050738791,0.736,0.964,1,-2.291,1,0.294,0.00785,0,0.131,0.372,100.019,audio_features,50gPjAfjdq6BjEz937C3hm,spotify:track:50gPjAfjdq6BjEz937C3hm,https://api.spotify.com/v1/tracks/50gPjAfjdq6BjEz937C3hm,https://api.spotify.com/v1/audio-analysis/50gPjAfjdq6BjEz937C3hm,196895,4,I SLAY,JOYRYDE,"['edm', 'electro house', 'electronic trap']"
61,61,28,Woman,0.7585187442600727,0.0013111328371451,2.994001843035221,0.0864134170114994,27.3408442735672,0.1991027733311057,68.61981153488159,0.505,0.397,5,-9.349,1,0.324,0.716,0,0.0853,0.558,95.063,audio_features,3eze1OsZ1rqeXkKStNfTmi,spotify:track:3eze1OsZ1rqeXkKStNfTmi,https://api.spotify.com/v1/tracks/3eze1OsZ1rqeXkKStNfTmi,https://api.spotify.com/v1/audio-analysis/3eze1OsZ1rqeXkKStNfTmi,219683,1,Juke Jam (feat. Justin Bieber & Towkio),Chance the Rapper,"['chicago rap', 'conscious hip hop', 'hip hop', 'pop rap', 'rap']"
62,62,25,Man,16.68866674236457,34.95670169333825,0.5926828253378168,0.0602085412045443,36.774589823161946,0.0720757568374727,10.855078599159636,0.481,0.487,5,-14.016,1,0.0393,0.407,0,0.308,0.311,73.093,audio_features,5S2e7gDXQFMnnXoth2zrOo,spotify:track:5S2e7gDXQFMnnXoth2zrOo,https://api.spotify.com/v1/tracks/5S2e7gDXQFMnnXoth2zrOo,https://api.spotify.com/v1/audio-analysis/5S2e7gDXQFMnnXoth2zrOo,321758,4,You Done Lost Your Good Thing Now,B.B. King,"['blues', 'blues rock', 'classic rock', 'electric blues', 'jazz blues', 'soul blues', 'traditional blues']"
63,63,39,Woman,76.72794461250305,0.986046064645052,19.983914494514465,0.0432413100497797,2.125430107116699,0.1228127162903547,0.0106131221400573,0.614,0.66,0,-2.848,1,0.0441,0.19,0,0.211,0.452,145.01,audio_features,2C6WXnmZ66tHhHlnvwePiK,spotify:track:2C6WXnmZ66tHhHlnvwePiK,https://api.spotify.com/v1/tracks/2C6WXnmZ66tHhHlnvwePiK,https://api.spotify.com/v1/audio-analysis/2C6WXnmZ66tHhHlnvwePiK,245267,4,Die For Me (feat. Future & Halsey),Post Malone,"['dfw rap', 'melodic rap', 'rap']"
64,64,34,Woman,9.826318447711082e-09,2.193163534200143e-12,2.4716126641040182e-05,99.99938011176825,7.848440072599953e-07,3.790571670981253e-06,0.0005850289865694,0.657,0.614,0,-7.829,0,0.055,0.0625,0,0.397,0.723,113.009,audio_features,11xOwUHV7P1q7UpEQuMIrx,spotify:track:11xOwUHV7P1q7UpEQuMIrx,https://api.spotify.com/v1/tracks/11xOwUHV7P1q7UpEQuMIrx,https://api.spotify.com/v1/audio-analysis/11xOwUHV7P1q7UpEQuMIrx,176283,4,Table For 2,Alok,"['electro house', 'pop nacional', 'slap house']"
65,65,32,Woman,11.730500218927888,0.0101336377413064,2.802909313489117,0.6976460472668465,9.399560469336564,0.0031660427475613,75.35608713103379,0.399,0.491,6,-10.778,0,0.0538,0.0563,0,0.11,0.151,91.066,audio_features,6AGOKlMZWLCaEJGnaROtF9,spotify:track:6AGOKlMZWLCaEJGnaROtF9,https://api.spotify.com/v1/tracks/6AGOKlMZWLCaEJGnaROtF9,https://api.spotify.com/v1/audio-analysis/6AGOKlMZWLCaEJGnaROtF9,210463,4,Put Your Records On,Ritt Momney,"['bedroom pop', 'indie pop']"
66,66,44,Woman,0.0412504634307144,0.0071590532221749,0.010502463759095,98.29881807579778,0.0986217287149454,0.0001850261589863,1.543456877057925,0.785,0.431,10,-8.756,0,0.0364,0.123,0,0.0887,0.236,127.085,audio_features,26XaOsDMbl0e1cVKYfkz6w,spotify:track:26XaOsDMbl0e1cVKYfkz6w,https://api.spotify.com/v1/tracks/26XaOsDMbl0e1cVKYfkz6w,https://api.spotify.com/v1/audio-analysis/26XaOsDMbl0e1cVKYfkz6w,159382,4,Falling,Trevor Daniel,"['melodic rap', 'pop', 'pop rap']"
67,67,30,Man,44.185573555758765,8.236380195231663e-06,1.9894832236190767,7.372166353402838e-06,42.44194120860801,1.109007011691786e-05,11.382969601992416,0.541,0.96,0,-2.947,0,0.0505,0.0663,0,0.344,0.812,122.803,audio_features,0rmGAIH9LNJewFw7nKzZnc,spotify:track:0rmGAIH9LNJewFw7nKzZnc,https://api.spotify.com/v1/tracks/0rmGAIH9LNJewFw7nKzZnc,https://api.spotify.com/v1/audio-analysis/0rmGAIH9LNJewFw7nKzZnc,222707,4,You Give Love A Bad Name,Bon Jovi,"['glam metal', 'rock']"
68,68,31,Man,55.25839328765869,9.283171564788972e-07,3.2759301364421844,0.2380244899541139,0.1413784571923315,0.0265649578068405,41.05970859527588,0.764,0.705,3,-5.279,0,0.0278,0.0371,0,0.0943,0.672,101.003,audio_features,0y60itmpH0aPKsFiGxmtnh,spotify:track:0y60itmpH0aPKsFiGxmtnh,https://api.spotify.com/v1/tracks/0y60itmpH0aPKsFiGxmtnh,https://api.spotify.com/v1/audio-analysis/0y60itmpH0aPKsFiGxmtnh,196520,4,Wait a Minute!,WILLOW,"['afrofuturism', 'pop', 'post-teen pop']"
69,69,30,Man,1.8770431724735293,0.0002786343779724,37.15079281916704,0.0130821673204028,52.92180741765411,0.0203803710325737,8.016614405320357,0.508,0.471,0,-10.718,0,0.0385,0.783,0,0.25,0.117,81.995,audio_features,4NU4ZK3ncM05KPUc8JSuQ5,spotify:track:4NU4ZK3ncM05KPUc8JSuQ5,https://api.spotify.com/v1/tracks/4NU4ZK3ncM05KPUc8JSuQ5,https://api.spotify.com/v1/audio-analysis/4NU4ZK3ncM05KPUc8JSuQ5,131715,4,Circa 2015,Jaden,"['pop', 'rap']"
70,70,30,Man,0.0135359318729486,5.827284532036686e-11,0.187564687341582,2.0961098995786948e-06,11.516218573821698,1.1294801501177164e-05,88.28266789213824,0.44,0.778,1,-1.786,0,0.0327,0.0265,0,0.151,0.304,148.038,audio_features,7oWbeO9v3Cfs900q7JhLAs,spotify:track:7oWbeO9v3Cfs900q7JhLAs,https://api.spotify.com/v1/tracks/7oWbeO9v3Cfs900q7JhLAs,https://api.spotify.com/v1/audio-analysis/7oWbeO9v3Cfs900q7JhLAs,229347,4,Come A Little Closer,Cage The Elephant,"['modern rock', 'punk blues', 'rock']"
71,71,29,Man,2.309139259159565,1.1039353459141312e-08,0.2281608060002327,0.0024466165996273,5.396469309926033,7.520500844293565e-05,92.06371307373048,0.743,0.836,2,-6.465,1,0.116,0.0804,0,0.384,0.82,113.375,audio_features,39shmbIHICJ2Wxnk1fPSdz,spotify:track:39shmbIHICJ2Wxnk1fPSdz,https://api.spotify.com/v1/tracks/39shmbIHICJ2Wxnk1fPSdz,https://api.spotify.com/v1/audio-analysis/39shmbIHICJ2Wxnk1fPSdz,188987,4,Should I Stay or Should I Go - Remastered,The Clash,"['classic rock', 'permanent wave', 'punk', 'rock']"
72,72,30,Man,1.5327948632570813e-08,7.24097106122728e-18,6.063034307875496e-13,98.93516898155212,2.4733506620577828e-05,2.2108195274483933e-07,1.0648107156157494,0.733,0.897,0,-3.652,1,0.0389,0.0391,0,0.117,0.649,96.006,audio_features,0mlAOSILGRys2IbvyOT5VJ,spotify:track:0mlAOSILGRys2IbvyOT5VJ,https://api.spotify.com/v1/tracks/0mlAOSILGRys2IbvyOT5VJ,https://api.spotify.com/v1/audio-analysis/0mlAOSILGRys2IbvyOT5VJ,173800,4,Échame La Culpa,Luis Fonsi,"['latin pop', 'puerto rican pop']"
73,73,31,Man,0.4277001556515508,9.72955910871381e-07,0.3584918138692601,0.0673161040838236,1.134610320227108,0.0111303635468366,98.00074720373784,0.358,0.0667,2,-25.465,1,0.056,0.951,0,0.0745,0.126,138.005,audio_features,7ps4C1VKLR5zCt49eM2TzA,spotify:track:7ps4C1VKLR5zCt49eM2TzA,https://api.spotify.com/v1/tracks/7ps4C1VKLR5zCt49eM2TzA,https://api.spotify.com/v1/audio-analysis/7ps4C1VKLR5zCt49eM2TzA,242548,4,I Can Go to Distance / Hercules,Nazareno Aversa,"['classify', 'piano cover']"
74,74,31,Man,0.070092039635303,1.7495286818459754e-08,0.0057563531092895,0.0088810584038847,0.1445872329674502,1.2026084312439215e-05,99.77067111555762,0.671,0.673,11,-6.941,0,0.0444,0.148,0,0.304,0.494,121.963,audio_features,1SOClUWhOi8vHZYMz3GluK,spotify:track:1SOClUWhOi8vHZYMz3GluK,https://api.spotify.com/v1/tracks/1SOClUWhOi8vHZYMz3GluK,https://api.spotify.com/v1/audio-analysis/1SOClUWhOi8vHZYMz3GluK,237720,4,Infinity,Jaymes Young,"['modern rock', 'pop', 'uk pop']"
75,75,30,Man,52.02967524528504,8.377584737040422e-09,0.3768953960388899,1.389864650036543e-05,45.44490575790405,2.425527556582097e-07,2.148512750864029,0.818,0.705,6,-6.679,1,0.177,0.00836,0,0.613,0.772,138.559,audio_features,0d28khcov6AiegSCpG5TuT,spotify:track:0d28khcov6AiegSCpG5TuT,https://api.spotify.com/v1/tracks/0d28khcov6AiegSCpG5TuT,https://api.spotify.com/v1/audio-analysis/0d28khcov6AiegSCpG5TuT,222640,4,Feel Good Inc.,Gorillaz,['alternative hip hop']
76,76,33,Man,0.0004550039648165,2.2716956083173447e-11,7.162736116034241e-10,99.63591694831848,4.3179596787013e-06,2.5266739811513617e-06,0.3636241191998124,0.682,0.673,5,-6.105,0,0.118,0.33,0,0.196,0.489,143.014,audio_features,101xoJ62xSk9hmcYri8gtH,spotify:track:101xoJ62xSk9hmcYri8gtH,https://api.spotify.com/v1/tracks/101xoJ62xSk9hmcYri8gtH,https://api.spotify.com/v1/audio-analysis/101xoJ62xSk9hmcYri8gtH,168671,4,Sanity,Unlike Pluto,"['modern rock', 'rock']"
77,77,29,Man,17.096136039265158,5.677231023952811e-07,0.0286265497161999,2.3502907688713603e-05,4.049974176286112,1.1138426667655883e-05,78.82522814424206,0.675,0.175,6,-13.281,1,0.0596,0.891,0,0.11,0.387,69.027,audio_features,1OL3yrDYTbOXeuRhiYWlKi,spotify:track:1OL3yrDYTbOXeuRhiYWlKi,https://api.spotify.com/v1/tracks/1OL3yrDYTbOXeuRhiYWlKi,https://api.spotify.com/v1/audio-analysis/1OL3yrDYTbOXeuRhiYWlKi,125652,4,Ipanema,Linearwave,"['focus beats', 'lo-fi brasileiro']"
78,78,31,Man,53.22322210988735,0.0003628170383716,0.6066370497927607,0.3401971482250513,10.284235592575598,0.0010156752676934,35.5443226642224,0.758,0.732,5,-5.511,0,0.051,0.489,0,0.13,0.924,90.038,audio_features,3oqC4Ta40ft6NnTJwcUTdi,spotify:track:3oqC4Ta40ft6NnTJwcUTdi,https://api.spotify.com/v1/tracks/3oqC4Ta40ft6NnTJwcUTdi,https://api.spotify.com/v1/audio-analysis/3oqC4Ta40ft6NnTJwcUTdi,185333,4,Pipa Voada (feat. Emicida),Rashid,"['brazilian hip hop', 'pop rap brasileiro', 'r&b brasileiro']"
79,79,32,Man,0.4327441357966742,0.0106409314843077,0.0165894579251532,0.0247456002596005,6.479491679638128,0.0001622716791959,93.03562599632896,0.736,0.964,1,-2.291,1,0.294,0.00785,0,0.131,0.372,100.019,audio_features,50gPjAfjdq6BjEz937C3hm,spotify:track:50gPjAfjdq6BjEz937C3hm,https://api.spotify.com/v1/tracks/50gPjAfjdq6BjEz937C3hm,https://api.spotify.com/v1/audio-analysis/50gPjAfjdq6BjEz937C3hm,196895,4,I SLAY,JOYRYDE,"['edm', 'electro house', 'electronic trap']"
80,80,32,Man,0.0005138852884556,5.052229190560809e-08,0.0009263662832381,79.42761778831482,0.0444629346020519,0.1161873806267976,20.410291850566864,0.679,0.715,9,-6.383,1,0.0407,0.0755,0,0.271,0.571,127.435,audio_features,6fNhZRFEkBfgW39W3wKARJ,spotify:track:6fNhZRFEkBfgW39W3wKARJ,https://api.spotify.com/v1/tracks/6fNhZRFEkBfgW39W3wKARJ,https://api.spotify.com/v1/audio-analysis/6fNhZRFEkBfgW39W3wKARJ,214148,4,Pompeii,Bastille,"['metropopolis', 'modern rock', 'pop', 'pop rock']"
81,81,32,Man,0.4327441357966742,0.0106409314843077,0.0165894579251532,0.0247456002596005,6.479491679638128,0.0001622716791959,93.03562599632896,0.508,0.471,0,-10.718,0,0.0385,0.783,0,0.25,0.117,81.995,audio_features,4NU4ZK3ncM05KPUc8JSuQ5,spotify:track:4NU4ZK3ncM05KPUc8JSuQ5,https://api.spotify.com/v1/tracks/4NU4ZK3ncM05KPUc8JSuQ5,https://api.spotify.com/v1/audio-analysis/4NU4ZK3ncM05KPUc8JSuQ5,131715,4,Circa 2015,Jaden,"['pop', 'rap']"
82,82,31,Man,0.0323469954309985,2.066263533606616e-05,0.012611506099347,0.0292147451546043,1.3944515027105808,5.187902729630878e-05,98.53129982948305,0.687,0.792,5,-2.749,1,0.0452,0.191,0,0.167,0.671,100.015,audio_features,2dpaYNEQHiRxtZbfNsse99,spotify:track:2dpaYNEQHiRxtZbfNsse99,https://api.spotify.com/v1/tracks/2dpaYNEQHiRxtZbfNsse99,https://api.spotify.com/v1/audio-analysis/2dpaYNEQHiRxtZbfNsse99,214290,4,Happier,Marshmello,"['brostep', 'dance pop', 'edm', 'pop', 'pop dance', 'progressive electro house']"
